id,address,type,discovered_at,last_discovered_at
19892,1BWFPuUTy8nFj6nQxU3HMaJC4pXgKjkmrX,BTC,"2019-05-14 10:31:43","2019-05-14 10:31:47"
19893,LsyorBQJchdPKBQkA7Wj6AAoJEF99z8,LTC,"2019-05-14 10:37:57","2019-05-15 07:54:06"
19894,MdR8sum4q8Sib8AHv6jfA3ASFKZnj1W8s,LTC,"2019-05-14 10:38:40","2019-05-14 10:38:40"
19896,LwkAeuGTALiZQgR6xjegG8PoJexX7,LTC,"2019-05-14 11:01:40","2019-05-14 11:01:40"
19928,PrmLimi3VyZSchvz3QsZdSivtGVUn7iHEADwPtAkMu,BCH,"2019-05-15 03:07:40","2019-05-15 09:44:17"
19929,pLbA2wFTPfrIrqQAVWtp0tvJ0AsupCNwLUxZKQqUcE,BCH,"2019-05-15 03:13:22","2019-05-15 09:50:51"
19930,MpryZekvAkAEFmjaYhogUNhUdjSU753,LTC,"2019-05-15 04:01:09","2019-05-15 10:51:48"
19931,PuLLdqpB6fyyJXDXP1wFM225eCl0epHOPLZubEfryT,BCH,"2019-05-15 04:12:09","2019-05-15 11:04:54"
19932,tHLQ7FQqxnnaT7As3iwWLsRDYBGUAhZxAkE,ZEC_T,"2019-05-15 04:25:06","2019-05-15 11:14:19"
19934,LwmZvqqyRbVYAsAhZVu1ctAWu8Qxu,LTC,"2019-05-15 05:42:00","2019-05-15 05:42:00"
19935,LdeMgL4d3rgtcWe8Ck9imDqs1DnPozFusd,LTC,"2019-05-15 06:32:06","2019-05-15 06:32:06"
19936,MTMCGwwACgkQcdTgexXVqP1eFgf,LTC,"2019-05-15 06:43:16","2019-05-15 13:30:15"
19937,MJ8GjwARAQABiQE2BBgBCAAgFiEEboRh,LTC,"2019-05-15 06:54:13","2019-05-15 13:39:41"
19938,LCXJWThQX4KnA4PzBoUHjkoWvuGWBC,LTC,"2019-05-15 07:08:49","2019-05-15 07:08:49"
19940,1CUFqNpiNcMVbLSGBhGKMMvLos3L4GyVjj,BTC,"2019-05-15 07:43:21","2019-05-15 07:43:21"
19941,QM0apor5Pfv6wALznt1rnNvP6R3sMhYuuWZAKFVwG1,BCH,"2019-05-15 07:54:00","2019-05-15 13:45:28"
19943,p9m3YTYm6X00AUAVssDA5WOsJjEXGqaXM2rRxFqOAP,BCH,"2019-05-15 08:03:52","2019-05-15 08:03:52"
19944,LpFzjneJMWLGfCSYtWM3GAkgSLUa,LTC,"2019-05-15 08:26:38","2019-05-15 08:26:38"
19945,pSm7fY9B4UtaFTa55MIcsyPSWinxX7Y9qaTS0AAs4o,BCH,"2019-05-15 09:01:05","2019-05-15 09:01:05"
19946,M9KmMC5w3CJukhBJ7SiiJeY9BYauP2M6d4,LTC,"2019-05-15 09:24:56","2019-05-15 09:24:56"
19947,qWHvaXNVuysFekBYwy9QAxyu3zRy2PGgsmh0a41kKn,BCH,"2019-05-15 09:52:28","2019-05-15 09:52:28"
19951,M55Um6ZJ1j4DstXSBrUrCfZsh53aFsB,LTC,"2019-05-15 11:10:09","2019-05-15 11:10:09"
19952,LP7Yhw7A5Gu3VKDNFDQ58tV7mGXoAzn5TK,LTC,"2019-05-15 11:46:25","2019-05-15 11:46:25"
19953,M8c7nCQfdLFwH1o9rjrK4vYYrQe,LTC,"2019-05-15 11:48:42","2019-05-15 11:48:42"
19954,pg5XCOXKw9GeoJBlPQJhlBnc7kFTU1iR6lPPHZrzyW,BCH,"2019-05-15 11:48:42","2019-05-15 11:48:42"
19955,Q6jDZjaQS7NM2iSo09Vk9HiPiY6ViD6MQHCg3BwolS,BCH,"2019-05-15 11:51:32","2019-05-15 11:51:32"
19956,MZy8b3Je41V6MKkCTBu1GChwptTbBLVWH7,LTC,"2019-05-15 12:27:09","2019-05-15 12:27:09"
19957,MqwExCk56eoFeV9PofWKVtbr7cUhF,LTC,"2019-05-15 12:29:18","2019-05-15 12:29:18"
19959,LFh1g6DTYcp9zfwRXqiJvLPUbRENjYFnn,LTC,"2019-05-15 12:49:11","2019-05-15 12:49:11"
19960,MK8kWxUyp6Qj15rqWHLZpBDSPT5rvczV,LTC,"2019-05-15 13:38:46","2019-05-15 13:38:46"
19961,0xf0971709d0bd2cec450c523d50f4b528802acfda,ETH,"2019-05-15 14:30:43","2019-05-15 14:30:43"
19962,0xf7f9b1e0cb45edc2947f7d9a662f278180461557,ETH,"2019-05-15 14:30:43","2019-05-15 14:30:43"
