id,key,name,email,fingerprint,key_id,comment,timestamp,discovered_at,last_discovered_at
195,"-----BEGIN PGP PUBLIC KEY BLOCK-----


mQSuBFWDPNYRDACRf8SSWIjajH7iBFI/41/QAS6xfDGhyC5qTpg4H25UZK+Zlfs4
tmQmN4k/z4OCazY3heJnKuNr0qYuIyJ422r8UdcgS698UqT+S1zkGgwdZrVSll8j
eqbi09O52m+fUIQHB4MV+SHTFrRVFAVnakBPMJu8nmGczh5cWxzbtGMvVYynRBTg
npWrNVSn/1uPgLoK0lOl7gTJt3fzFpGf4S7CJ8cnOF86a3kaMC6oQR+TDJbnZri4
1wG+RF2rXrGr1pLG7efCAx8+WpZW1wbUndXyv/ASM3IXXmDXjwwFQycrNKsgQE2+
UtYzDkKBj5eEMtmEOlWzpdvj5v2PuTRahy83tT6zb6a1WDPuYFJNPuws4oeoJveM
n/uOk3CehdnwrhXld13grD4HqhK0A5r5RrZCwyqfi3pohn26J8I+nh8XK1E4ciAK
w1sJmjq4ffNzcrmbUU/H6oQOLjyIoo8o9Lgs//caDA/q7/Qc3fqXIsMHTyE4ualE
thzev/SRFHn3IycBAOM3xUHpdmgyDQqmpd/MY4StuaL6ezhNpYyNdHvKOt7jC/4x
4N3J26lbumFDBweN+f/iwRTHrWFZckwR3Sd6y2VVcHae2gmpCMH363SOY9VxwjkI
hVoSOlFWOHlcg7cLvoAaeJNIX6iYiVy2khtmCAHlN0Mmepp21xFcaIxAAJinnzEE
V14N3XMOMSO0tFwOlWfMz4dGv5aNA7kca6gItkazNgxv0pxK1KWqnRzgPXyfRJvS
3dyZHUWTJONKQIo5kJH+PbVrPvtHO5cL3UBpymTORlccGt3mQ4JWsMFmZ6vlKn5T
WE4ouDEsBHP+15iP+9McC3BeAEh0RGGAiAgTRa3hCR50Ld1DwH6AnXKcGWBt33Ce
TKanJ823ZUuO17e5xm9pAIWOWybHmgEDNfc6U9Fbe6pT1u4KEWPHFH1UgnzZD643
o4/OVbwk2tHbHlhrc7YWQln4ZNyse7DAt92zBEBblxS5O1e3i5XzKST8WQzqeBYG
MKuc7nhxMYnV6d7NPUUMPdgnf1KIazynxHDhDW3wp1J6sa7dvF3zAG9UZv98Lt4M
AIGTY3Cx61G01A7OK6YvKY7bchMDEavZYv9F4YNGs5+jWu/dZbkFfBJqa698YDNr
8lCsLfB35larhRVeJu9tmt3jgQZCoBE0WiDVljEpb2wQj5I0pqbdIKFAbS7s7foy
ACxIGKSBm0AJMbPaHCocBSw8+9lYmNQVeTVd+VXHUQKF6AaI828maCzXD+/1B4X2
0C837hbWBFMv03P7UtLYaz98POUdUtzU5e+LkuYdAvEhX2aExaWRBmArC9ZQqJs1
1qgQ8TG4l6M06vvkVeldVPhpGdBVAe84CL50IenPGmTHb+lbZTEb9h7BMQg85Hf+
wmJlz5fI1s0NUKkmIuqpTCM8HYnfBflnSojZrV4pwkvDBq1nIgc7Tmo5BDoJAfJs
ZVRWxyPw6g8B8gw2drIRM9pCHVPyxfMy4qYd7DH662eZFmvOMPLXrxicrzlhjAk7
1DNU/wEs9+jjvo/bRIPlnlMCfNWDsRSeDZI6oc7DGwPfmcctzvrHUpnSsrNVqwNv
qrQkYWRtaW4gPGFkbWluQHRvY2hrYTNldmxqM3N4ZHYub25pb24+iJAEExEKADgC
GyMFCwkIBwMFFQoJCAsFFgIDAQACHgECF4AWIQRMtRfWdBFRexqpxAg75AM4ZgI+
yQUCWZbzcAAKCRA75AM4ZgI+yUUrAP9TYWs67HQghoHIU2xgxe4SZFTxiPGnDZ6L
UtsoyFl5LAD9GtiYTGqgQRBXjjTlktGWtbZaW/IAO1v+FlTtlQkXeHG5BA0EVYM8
1hAQAJZFYDHX27GjIwoOuxHLxayV/RXKloBxss2cFkGT13PJLHckgt1E82W1mMqv
kNSobaZDv4pKyeFZkA13A7pAbcgV3JLPUakG3BPpyNZtyV1bS0XCX72WVj3Gj4kY
0pn2GPBND8SCdh16R0QxDeYhuecmeQHEG1szBD7MyqJb3xs2rjuHa6N5FYYVMlKV
KSCRC4LJMYuzBq36CDejrcHc/s0TJ9f+qmbwyTRNEOqRLeD3X/o/R1xLGvHIRBv0
ezxwDhSaivV6uDncjhJ1w1R1NLF13UtPPsgXJwkQpBOEN2nkFBVdQ68hqdt9sUDE
HDDxM49dfnyJsycwkiRNbPTiyum3+guTMALGSIsXPMVK+A4SQbrgQhbVwjy8LAEX
8moLoF5wIiBMdjHR7vBsSIdaQBF7LiNtboo8gQWUxh+LVsQZAO5LFBYybPpfz+RG
TRjxH8jb5lrOKtI3HK9ZDfDiEhJ1fXgqC5VEApKgMnC8nJWwqRTtRyLBqKU/Qdmp
6Xlfdmwslw0McnnAADYspkPJSlgnyorpDX/x9ztFyQNwtdwh3cdR+lrkMKsWLraV
Jt/MagxHrX82WwNJeye6LiDaqinDaeB0tbHiIcEyf9/fSWmgbBi2mW046yfw7cCV
3CcZFvYo5F6G7HZ+zoirk7I2cKshxhYl/naLuo6IEi5KoH/TAAMFD/46iENTzxkK
NHDlvItPGWsysVBMWZbtXLuqfbADWMHXTTRo7TY67VJDpPnpNLcNyDbYfvR9fN1Z
IIlxi0tmN40HXSEytsMsQ8X1I4K9GFcWCfMDP57Eu01jdWjbMzgFydXZtmGIT6bN
/Fg7B1Tc6nBh9ESSa0GJFi/4UxkCSSll5Ov5AoFJPBHOP0ZTNpYvZ8k2YR3vQUzR
1uHV4+Yhq8wrL1UD/zPFqInwopqttr2dXVQ5UcXTrEYURo3VPx+jmDxDr9vbqotZ
FD35vM47QMta5J9M4TImvPKJQwIDmWQUVPRnHGvmaPDA/wSUCqDBrFcs5nKykG/c
Zfbxnk5oICJrMxeBDDyMY/S9SKglZvammgzpY1apNfgCWXFwH8WyyVrrutba9Xuv
a46QES7pUqIE8o6v9eDZmrLfHEjkay/2wklHFNVvS3e55AljMCAQ9PP5jDSWa14g
12kFJS1bLwtmadcPmh5B2bZR9lEV+h0TcD3YJGI/LKZuj98vCA+ZMnAxud/vELFw
Xfwvqn83GX9hRorWRHIOF8yTWIUsySkaGx2hjO4zhMlzvcex9O1B8Ipt4M0D3pzG
6LbPB6wvEBe52EdScvc3NzsrdDH1/LLKj3ovUazr7sldY6l1+5jIRBGFGvXS6NzF
VlkqwwOd2AyIyg3jiQOJtWDf8VCSTa8D2Ih4BBgRCgAgAhsMFiEETLUX1nQRUXsa
qcQIO+QDOGYCPskFAlmW84UACgkQO+QDOGYCPslEOgEA4eIUo7LVYeoPnxKFv0Os
XE//BqRJKQNJUr/OSCiFQ1wBAKCmn6BDN5cV5pLVEEC72d+larO4p5gyiGKZRilC
Ax/C
=lR1t
-----END PGP PUBLIC KEY BLOCK-----",admin,,4CB517D67411517B1AA9C4083BE4033866023EC9,3BE4033866023EC9,,"2015-06-18 21:49:10","2019-05-15 14:30:25","2020-03-25 08:50:54"
194,"-----BEGIN PGP PUBLIC KEY BLOCK-----


mQINBFeXNpgBEADI0XGAKtzoXhkZAMvTxvaYNQUQWWcVmux2I0jwObltw6e9W8md
5vGnvs26BkTjmhh4XSApy0+w5ZLdjH4xq4C6/WjiRm78eWRoGeHTUZCrMPbCYfbg
Vci/0VcdxYTiHDIcvzgCI4s8hTpitRDMS3tONMtdQWgNccjAtZ9dbHJ7ln2NjneP
2iUSCfq4lq5Zq1T4TZa/x/H809xGizJ0mdfZzIe/exgX7vMFyIk9lZjUYzRTBwhU
5aWWfPLsN0FLi5NqHK3UFlFKasla6CqClLMy/ykOY2mt4Ar5r505CFEs7oKBPhVX
/jDe+gwbj8BJeXoYO7PvN4rJXup6pE3YvJE85zCaQqNcgzoRDRwpYOu+a701vWsg
NarwIEE/25R9DYXfbKsUm3lvD5PksieIHs+pwHuyGD/PtB+Tnc2NQ2BhuFgKepIo
q+ptXiwRTRx8Iu4SUsS1gBFXTo15SuJ7aQXhF1zIWIiDBW0dBLqpS3qhZVbRHGiR
rbl+j/3c8irvl9IcPMpBH5zPYbRJXqtwTbRzMSbwfiSGfn+BKqdWViKbsDG/S59Z
Gwn5bN3ng0p0uK2BZekofz4efePac+BprIqIVT21F9GoB5dMSdgPPHR3mqECgpAu
hHPcaIxk77AK2mEqKCFaERrPxWhJMektcrgSqNprxsSC0TWgZVqiUTRnuQARAQAB
tBlPT29vIE9PbyA8dGVzdEBnbWFpbC5jb20+iQI3BBMBCAAhBQJXlzaYAhsvBQsJ
CAcCBhUICQoLAgQWAgMBAh4BAheAAAoJEJzIKsz2JfykqYsQAKhh1Ccg2lL/zFOM
+XTNpMZdj4+ImC9j5P8iechBv9c16vplaDnekwIZxzB+tE8LIOveEAgezovdTTgt
lxGic+xKSdaPu3nTD34TrfBw3h4edt/EMvCU+LPnlaarNariWHsvHaVvfDtPpgSV
CTTees3WgVrJMzZc3sJ+nfqhk3+l31YowfrYeqBlTuh6Ybnr+IUcNuKUZ4qKfIs+
/HR3rMVp4RBOB7k7giDoQg8HHXkssyWaSXuXNOfPAFxQD+UfizAGAmDxfC9OuyXx
aWaOVgMDuFXYSnTcnbnv3NFWN1LUi74iL6edpsWC4xyuF1NbsbIecHsobGEai6i5
iKDM285/XONm4A5aaBXkRLxFtdAFG/2/NMm7UglKcdtNasHZvG+vrgyoRUEl+yfl
V14hh2WUhZWuL5veajpAB7qI+pTBbixhM/EJe63/Kgx22m5r6IO+V4c1imU17NAc
TQcHTG7d3m+MdyDxHHZGY67tXl+0J6M7UgG4yWqxtsFNfYq2uVsUM/YuKhkBh7Mq
PsFWhtNMYuguxx+tYJ1tzm0h3i0PApIfEBwogxVygeumKmHvjkUGBKnHo8/YX2Pr
RLY89H1hjVD25mfS6xOV+PpvVT0W6ubEhhqUxUkZ7WtixKZ8VYAcYtv1/OzhsuZI
pR8sZ6Xsne+4PB61ZJ0m21JTQy3OuQINBFeXNpgBEAC+atxnVCC4ywZJTZ8itD88
OYIxx+pA6VwNEHjYWfYNxgTXjBMezbm9um/W3IwW1b2knC4iojeppdYoNeBg53/y
fJQa+aHQZlhz+GvSGDv62cKFZar5YJNt3LVx76i8SxNCly7fh9dAL2PjwgHlo/XK
ko3xd2UHesIPj0uU0SAo2vLekEGltSkIlKHWD0jzRIUvqO3bNVucjy4QYsEWc0zw
EmQNDLhDX44EH2z/pS1rJlw7+aFUx7VrjACTgzBWkJeilHpCLOTQ1aLtiYkuebD1
/YxdYoytw/jxDLTjse11DlsrRmBWp8VyNUOrSi/dX1fdSDw3yjpYI900tq4r/3gX
eTAe+4Y/PLCwvCc1WSLulXbHHP/kZ1Snyg5DzYemnrsUeq7od8jUTGiNnoloOQdq
owWO6+SouSnY+Vnq1AeJgVSe0TmVeyS+1UpBE8RPMuxn91M7rNZNXeZiofRTKqS4
NBFpYGjhgH9fZGu51qTGdeJCUermZQ1nBmJ2qG0bs8kCxDnyf6bfCGuM/D8IWt1R
MkdnPRnyRvFP6rjBmTozln0RngKNEBLe7v8x2fUP9SFilazWnauNvoV1Ha3TUUcx
1NuiDP6MJO/Xk3511ryRi9gok7wu6e9GL+Gj6+PE2UIoYUdpIMnEYjw6v5vx8WKm
cGkeK2+8K+O+w32kqxlQOQARAQABiQQ+BBgBCAAJBQJXlzaYAhsuAikJEJzIKsz2
JfykwV0gBBkBCAAGBQJXlzaYAAoJEKSpoqqAMYv16h4QAL5mpa21m6sXqPqUaipj
52pPrKDBXzjCO23/BcNNMkhlbe/5vv/nOQwdvBzlg/m6sGPfF5zcP0WFCtGZycVE
rh2sn+volx0xyFXpviE4BbC9WZg20R5adt894l7XpEIdNqM16GzNnyWiefUw9HBJ
eXNAQW+MsD/GZY2hsIgH2YQj2x8nb4JYVIzxYU7gT0Z5D7AurtKhPmflX1BA3tFK
23P/g4XHHbLDhD4W2/VtMh7adWYFvT6G8qFwE6rT3bgma8H26X5u/pQSCH35fCXO
rQ6uAQU4DRcyrqa2HQ700clpydpLeI72BlSlTeQl7TkWbzybcQH9ElQr8Qi/2rHP
D4DBqp/SFAsTiezyieSCnoLyOyU8dZBuJKn/60K15FGxhEKTIGPG67VrvoNwztzV
VaYOewW4f1Efzj8WR7GfmxDKvaLcY8GUHfqQqrWRQ2qTDFiUwpYI0bEs0HHGRdXi
+5GM0iEYSS4UB6drBiEa7yYsuWYeNfrZ5aL1DezqBg7+oQWmASCRxl8kJfH8p+4+
pnQd/x84fu7Kzi5Pp9A+rAMbgFCjjdZ9msxYMTuX0ZHT0QanFqZSBHITuottcFTS
PMDp7dtL5RUH/3g4yjLeIb4TbQUHtF7NpD3A4y722t3lKru/zlxsTn0YEuDi2KC8
uvxXmY4/QlUxxSHWT+lMqhMEULQQAIQ2MKy4bvXOlOwYt42nXIwVz0CuZiz+KeZY
ixGypYdF5J36RAoxvWW0J+ULhUMMXmrhPM0QLz13ZwLUXblQcZ4q3I5eGHS8ZJxg
mql+SzPPoWfqswow6YfnUCkYkuYJN6xg8tTIphEQw+TrJtpZr39we+5awQaFe25W
59CDr5MMQLJI4Jo5g6cbbOISzJh3sjEOQMq769ZwhkJiKUVYmaThN+Gh92M6FQdE
cGa2ZVMcO7oaIBx6pu/bbIOyqBzvR/MxlNfNew/brS86Ojmk1dpNj02jeJtdz2qF
SiPZlRZHS7Txvkv+EyjDFWo8KyNK+LPZluw7WA0F4FSjnsAKjlF2Lb7O/v9hIaOP
iSNovg6RuV9H5VIRvhfbcx4Lv5qfw/x8uSzK/zD1NjDeiUNkMpkkpYyNuuf93A5a
CAEbajECaAOOP6mr1Qdz/8sUK60VCQMcfJ+aHGRTt1laMm5RN7KYn8OVunslePJX
HVb3w7u4KD1TkUB6qLtOB52O+HnaEs116dambxwa4RBmjc0NU7sqNN57a6J1Y9oY
X9g10Mvu3e3PaBS99n4UJSzG+gGgG/1nRbQdZtE7lDp6TnqxfgXJZUjDO8UkJksR
d3rHzZlz2+ZwJk04GLVQNvCUAqdUVL8Xls7oX1ML0oLoBz5360OOZc2bf81iskbs
KzAc7Ezb
=N3Wu
-
-
-----END PGP PUBLIC KEY BLOCK-----","OOoo OOo",,3B6101FD627B36579BAD68089CC82ACCF625FCA4,9CC82ACCF625FCA4,,"2016-07-26 10:08:24","2019-05-15 14:30:34","2019-05-15 14:30:34"
